clip_id,source_pipeline,fake_label,speaker_id,audio_emotion,visual_emotion,sarcasm_label,has_z_at,has_z_v,is_ready_for_training,video_path,z_at_path,z_v_path
2_205,mustard,-1,mustard_RACHEL,,,0,1,1,1,D:\Documents\Programming\Thesis_G10\data\raw\MUStARD\raw_data\utterances_final\2_205.mp4,data\preprocessed\features\z_at\2_205.pt,data\preprocessed\features\z_v\2_205.pt
2_206,mustard,-1,mustard_CHANDLER,,,1,1,1,1,D:\Documents\Programming\Thesis_G10\data\raw\MUStARD\raw_data\utterances_final\2_206.mp4,data\preprocessed\features\z_at\2_206.pt,data\preprocessed\features\z_v\2_206.pt
2_208,mustard,-1,mustard_JOEY,,,0,1,1,1,D:\Documents\Programming\Thesis_G10\data\raw\MUStARD\raw_data\utterances_final\2_208.mp4,data\preprocessed\features\z_at\2_208.pt,data\preprocessed\features\z_v\2_208.pt
2_210,mustard,-1,mustard_PERSON,,,0,1,1,1,D:\Documents\Programming\Thesis_G10\data\raw\MUStARD\raw_data\utterances_final\2_210.mp4,data\preprocessed\features\z_at\2_210.pt,data\preprocessed\features\z_v\2_210.pt
2_213,mustard,-1,mustard_RACHEL,,,0,1,1,1,D:\Documents\Programming\Thesis_G10\data\raw\MUStARD\raw_data\utterances_final\2_213.mp4,data\preprocessed\features\z_at\2_213.pt,data\preprocessed\features\z_v\2_213.pt
2_217,mustard,-1,mustard_RACHEL,,,0,1,1,1,D:\Documents\Programming\Thesis_G10\data\raw\MUStARD\raw_data\utterances_final\2_217.mp4,data\preprocessed\features\z_at\2_217.pt,data\preprocessed\features\z_v\2_217.pt
2_218,mustard,-1,mustard_JOEY,,,0,1,1,1,D:\Documents\Programming\Thesis_G10\data\raw\MUStARD\raw_data\utterances_final\2_218.mp4,data\preprocessed\features\z_at\2_218.pt,data\preprocessed\features\z_v\2_218.pt
2_221,mustard,-1,mustard_CHANDLER,,,0,1,1,1,D:\Documents\Programming\Thesis_G10\data\raw\MUStARD\raw_data\utterances_final\2_221.mp4,data\preprocessed\features\z_at\2_221.pt,data\preprocessed\features\z_v\2_221.pt
2_223,mustard,-1,mustard_CHANDLER,,,1,1,1,1,D:\Documents\Programming\Thesis_G10\data\raw\MUStARD\raw_data\utterances_final\2_223.mp4,data\preprocessed\features\z_at\2_223.pt,data\preprocessed\features\z_v\2_223.pt
2_225,mustard,-1,mustard_ROSS,,,0,1,1,1,D:\Documents\Programming\Thesis_G10\data\raw\MUStARD\raw_data\utterances_final\2_225.mp4,data\preprocessed\features\z_at\2_225.pt,data\preprocessed\features\z_v\2_225.pt
2_226,mustard,-1,mustard_CHANDLER,,,1,1,1,1,D:\Documents\Programming\Thesis_G10\data\raw\MUStARD\raw_data\utterances_final\2_226.mp4,data\preprocessed\features\z_at\2_226.pt,data\preprocessed\features\z_v\2_226.pt
2_227,mustard,-1,mustard_CHANDLER,,,1,1,1,1,D:\Documents\Programming\Thesis_G10\data\raw\MUStARD\raw_data\utterances_final\2_227.mp4,data\preprocessed\features\z_at\2_227.pt,data\preprocessed\features\z_v\2_227.pt
2_228,mustard,-1,mustard_PERSON,,,0,1,1,1,D:\Documents\Programming\Thesis_G10\data\raw\MUStARD\raw_data\utterances_final\2_228.mp4,data\preprocessed\features\z_at\2_228.pt,data\preprocessed\features\z_v\2_228.pt
2_230,mustard,-1,mustard_CHANDLER,,,0,1,1,1,D:\Documents\Programming\Thesis_G10\data\raw\MUStARD\raw_data\utterances_final\2_230.mp4,data\preprocessed\features\z_at\2_230.pt,data\preprocessed\features\z_v\2_230.pt
2_231,mustard,-1,mustard_ROSS,,,0,1,1,1,D:\Documents\Programming\Thesis_G10\data\raw\MUStARD\raw_data\utterances_final\2_231.mp4,data\preprocessed\features\z_at\2_231.pt,data\preprocessed\features\z_v\2_231.pt
2_232,mustard,-1,mustard_PHOEBE,,,0,1,1,1,D:\Documents\Programming\Thesis_G10\data\raw\MUStARD\raw_data\utterances_final\2_232.mp4,data\preprocessed\features\z_at\2_232.pt,data\preprocessed\features\z_v\2_232.pt
2_234,mustard,-1,mustard_PHOEBE,,,0,1,1,1,D:\Documents\Programming\Thesis_G10\data\raw\MUStARD\raw_data\utterances_final\2_234.mp4,data\preprocessed\features\z_at\2_234.pt,data\preprocessed\features\z_v\2_234.pt
2_235,mustard,-1,mustard_CHANDLER,,,0,1,1,1,D:\Documents\Programming\Thesis_G10\data\raw\MUStARD\raw_data\utterances_final\2_235.mp4,data\preprocessed\features\z_at\2_235.pt,data\preprocessed\features\z_v\2_235.pt
2_236,mustard,-1,mustard_CHANDLER,,,1,1,1,1,D:\Documents\Programming\Thesis_G10\data\raw\MUStARD\raw_data\utterances_final\2_236.mp4,data\preprocessed\features\z_at\2_236.pt,data\preprocessed\features\z_v\2_236.pt
2_24,mustard,-1,mustard_CHANDLER,,,1,1,1,1,D:\Documents\Programming\Thesis_G10\data\raw\MUStARD\raw_data\utterances_final\2_24.mp4,data\preprocessed\features\z_at\2_24.pt,data\preprocessed\features\z_v\2_24.pt
2_240,mustard,-1,mustard_JOEY,,,0,1,1,1,D:\Documents\Programming\Thesis_G10\data\raw\MUStARD\raw_data\utterances_final\2_240.mp4,data\preprocessed\features\z_at\2_240.pt,data\preprocessed\features\z_v\2_240.pt
2_241,mustard,-1,mustard_CHANDLER,,,1,1,1,1,D:\Documents\Programming\Thesis_G10\data\raw\MUStARD\raw_data\utterances_final\2_241.mp4,data\preprocessed\features\z_at\2_241.pt,data\preprocessed\features\z_v\2_241.pt
2_242,mustard,-1,mustard_CHANDLER,,,1,1,1,1,D:\Documents\Programming\Thesis_G10\data\raw\MUStARD\raw_data\utterances_final\2_242.mp4,data\preprocessed\features\z_at\2_242.pt,data\preprocessed\features\z_v\2_242.pt
2_243,mustard,-1,mustard_CHANDLER,,,0,1,1,1,D:\Documents\Programming\Thesis_G10\data\raw\MUStARD\raw_data\utterances_final\2_243.mp4,data\preprocessed\features\z_at\2_243.pt,data\preprocessed\features\z_v\2_243.pt
2_245,mustard,-1,mustard_PERSON,,,0,1,1,1,D:\Documents\Programming\Thesis_G10\data\raw\MUStARD\raw_data\utterances_final\2_245.mp4,data\preprocessed\features\z_at\2_245.pt,data\preprocessed\features\z_v\2_245.pt
2_246,mustard,-1,mustard_CHANDLER,,,1,1,1,1,D:\Documents\Programming\Thesis_G10\data\raw\MUStARD\raw_data\utterances_final\2_246.mp4,data\preprocessed\features\z_at\2_246.pt,data\preprocessed\features\z_v\2_246.pt
2_247,mustard,-1,mustard_ROSS,,,1,1,1,1,D:\Documents\Programming\Thesis_G10\data\raw\MUStARD\raw_data\utterances_final\2_247.mp4,data\preprocessed\features\z_at\2_247.pt,data\preprocessed\features\z_v\2_247.pt
2_248,mustard,-1,mustard_CHANDLER,,,1,1,1,1,D:\Documents\Programming\Thesis_G10\data\raw\MUStARD\raw_data\utterances_final\2_248.mp4,data\preprocessed\features\z_at\2_248.pt,data\preprocessed\features\z_v\2_248.pt
2_250,mustard,-1,mustard_PHOEBE,,,1,1,1,1,D:\Documents\Programming\Thesis_G10\data\raw\MUStARD\raw_data\utterances_final\2_250.mp4,data\preprocessed\features\z_at\2_250.pt,data\preprocessed\features\z_v\2_250.pt
2_251,mustard,-1,mustard_MONICA,,,0,1,1,1,D:\Documents\Programming\Thesis_G10\data\raw\MUStARD\raw_data\utterances_final\2_251.mp4,data\preprocessed\features\z_at\2_251.pt,data\preprocessed\features\z_v\2_251.pt
2_253,mustard,-1,mustard_PHOEBE,,,0,1,1,1,D:\Documents\Programming\Thesis_G10\data\raw\MUStARD\raw_data\utterances_final\2_253.mp4,data\preprocessed\features\z_at\2_253.pt,data\preprocessed\features\z_v\2_253.pt
2_254,mustard,-1,mustard_PHOEBE,,,1,1,1,1,D:\Documents\Programming\Thesis_G10\data\raw\MUStARD\raw_data\utterances_final\2_254.mp4,data\preprocessed\features\z_at\2_254.pt,data\preprocessed\features\z_v\2_254.pt
2_257,mustard,-1,mustard_PHOEBE,,,0,1,1,1,D:\Documents\Programming\Thesis_G10\data\raw\MUStARD\raw_data\utterances_final\2_257.mp4,data\preprocessed\features\z_at\2_257.pt,data\preprocessed\features\z_v\2_257.pt
2_258,mustard,-1,mustard_CHANDLER,,,1,1,1,1,D:\Documents\Programming\Thesis_G10\data\raw\MUStARD\raw_data\utterances_final\2_258.mp4,data\preprocessed\features\z_at\2_258.pt,data\preprocessed\features\z_v\2_258.pt
2_259,mustard,-1,mustard_PERSON1,,,0,1,1,1,D:\Documents\Programming\Thesis_G10\data\raw\MUStARD\raw_data\utterances_final\2_259.mp4,data\preprocessed\features\z_at\2_259.pt,data\preprocessed\features\z_v\2_259.pt
2_260,mustard,-1,mustard_CHANDLER,,,1,1,1,1,D:\Documents\Programming\Thesis_G10\data\raw\MUStARD\raw_data\utterances_final\2_260.mp4,data\preprocessed\features\z_at\2_260.pt,data\preprocessed\features\z_v\2_260.pt
2_261,mustard,-1,mustard_CHANDLER,,,0,1,1,1,D:\Documents\Programming\Thesis_G10\data\raw\MUStARD\raw_data\utterances_final\2_261.mp4,data\preprocessed\features\z_at\2_261.pt,data\preprocessed\features\z_v\2_261.pt
2_263,mustard,-1,mustard_MONICA,,,0,1,1,1,D:\Documents\Programming\Thesis_G10\data\raw\MUStARD\raw_data\utterances_final\2_263.mp4,data\preprocessed\features\z_at\2_263.pt,data\preprocessed\features\z_v\2_263.pt
2_264,mustard,-1,mustard_PHOEBE,,,0,1,1,1,D:\Documents\Programming\Thesis_G10\data\raw\MUStARD\raw_data\utterances_final\2_264.mp4,data\preprocessed\features\z_at\2_264.pt,data\preprocessed\features\z_v\2_264.pt
2_267,mustard,-1,mustard_RACHEL,,,0,1,1,1,D:\Documents\Programming\Thesis_G10\data\raw\MUStARD\raw_data\utterances_final\2_267.mp4,data\preprocessed\features\z_at\2_267.pt,data\preprocessed\features\z_v\2_267.pt
2_268,mustard,-1,mustard_CHANDLER,,,0,1,1,1,D:\Documents\Programming\Thesis_G10\data\raw\MUStARD\raw_data\utterances_final\2_268.mp4,data\preprocessed\features\z_at\2_268.pt,data\preprocessed\features\z_v\2_268.pt
2_27,mustard,-1,mustard_MONICA,,,0,1,1,1,D:\Documents\Programming\Thesis_G10\data\raw\MUStARD\raw_data\utterances_final\2_27.mp4,data\preprocessed\features\z_at\2_27.pt,data\preprocessed\features\z_v\2_27.pt
2_270,mustard,-1,mustard_JOEY,,,0,1,1,1,D:\Documents\Programming\Thesis_G10\data\raw\MUStARD\raw_data\utterances_final\2_270.mp4,data\preprocessed\features\z_at\2_270.pt,data\preprocessed\features\z_v\2_270.pt
2_271,mustard,-1,mustard_MODERATOR,,,1,1,1,1,D:\Documents\Programming\Thesis_G10\data\raw\MUStARD\raw_data\utterances_final\2_271.mp4,data\preprocessed\features\z_at\2_271.pt,data\preprocessed\features\z_v\2_271.pt
2_272,mustard,-1,mustard_JOEY,,,0,1,1,1,D:\Documents\Programming\Thesis_G10\data\raw\MUStARD\raw_data\utterances_final\2_272.mp4,data\preprocessed\features\z_at\2_272.pt,data\preprocessed\features\z_v\2_272.pt
2_278,mustard,-1,mustard_PERSON,,,0,1,1,1,D:\Documents\Programming\Thesis_G10\data\raw\MUStARD\raw_data\utterances_final\2_278.mp4,data\preprocessed\features\z_at\2_278.pt,data\preprocessed\features\z_v\2_278.pt
2_279,mustard,-1,mustard_MONICA,,,1,1,1,1,D:\Documents\Programming\Thesis_G10\data\raw\MUStARD\raw_data\utterances_final\2_279.mp4,data\preprocessed\features\z_at\2_279.pt,data\preprocessed\features\z_v\2_279.pt
2_28,mustard,-1,mustard_MONICA,,,0,1,1,1,D:\Documents\Programming\Thesis_G10\data\raw\MUStARD\raw_data\utterances_final\2_28.mp4,data\preprocessed\features\z_at\2_28.pt,data\preprocessed\features\z_v\2_28.pt
2_280,mustard,-1,mustard_CHANDLER,,,1,1,1,1,D:\Documents\Programming\Thesis_G10\data\raw\MUStARD\raw_data\utterances_final\2_280.mp4,data\preprocessed\features\z_at\2_280.pt,data\preprocessed\features\z_v\2_280.pt
2_282,mustard,-1,mustard_RACHEL,,,1,1,1,1,D:\Documents\Programming\Thesis_G10\data\raw\MUStARD\raw_data\utterances_final\2_282.mp4,data\preprocessed\features\z_at\2_282.pt,data\preprocessed\features\z_v\2_282.pt
2_283,mustard,-1,mustard_CHANDLER,,,1,1,1,1,D:\Documents\Programming\Thesis_G10\data\raw\MUStARD\raw_data\utterances_final\2_283.mp4,data\preprocessed\features\z_at\2_283.pt,data\preprocessed\features\z_v\2_283.pt
2_284,mustard,-1,mustard_MONICA,,,0,1,1,1,D:\Documents\Programming\Thesis_G10\data\raw\MUStARD\raw_data\utterances_final\2_284.mp4,data\preprocessed\features\z_at\2_284.pt,data\preprocessed\features\z_v\2_284.pt
2_286,mustard,-1,mustard_CHANDLER,,,1,1,1,1,D:\Documents\Programming\Thesis_G10\data\raw\MUStARD\raw_data\utterances_final\2_286.mp4,data\preprocessed\features\z_at\2_286.pt,data\preprocessed\features\z_v\2_286.pt
2_287,mustard,-1,mustard_CHANDLER,,,1,1,1,1,D:\Documents\Programming\Thesis_G10\data\raw\MUStARD\raw_data\utterances_final\2_287.mp4,data\preprocessed\features\z_at\2_287.pt,data\preprocessed\features\z_v\2_287.pt
2_288,mustard,-1,mustard_CHANDLER,,,1,1,1,1,D:\Documents\Programming\Thesis_G10\data\raw\MUStARD\raw_data\utterances_final\2_288.mp4,data\preprocessed\features\z_at\2_288.pt,data\preprocessed\features\z_v\2_288.pt
2_289,mustard,-1,mustard_MONICA,,,1,1,1,1,D:\Documents\Programming\Thesis_G10\data\raw\MUStARD\raw_data\utterances_final\2_289.mp4,data\preprocessed\features\z_at\2_289.pt,data\preprocessed\features\z_v\2_289.pt
2_29,mustard,-1,mustard_RACHEL,,,0,1,1,1,D:\Documents\Programming\Thesis_G10\data\raw\MUStARD\raw_data\utterances_final\2_29.mp4,data\preprocessed\features\z_at\2_29.pt,data\preprocessed\features\z_v\2_29.pt
2_291,mustard,-1,mustard_ROSS,,,0,1,1,1,D:\Documents\Programming\Thesis_G10\data\raw\MUStARD\raw_data\utterances_final\2_291.mp4,data\preprocessed\features\z_at\2_291.pt,data\preprocessed\features\z_v\2_291.pt
2_293,mustard,-1,mustard_PHOEBE,,,0,1,1,1,D:\Documents\Programming\Thesis_G10\data\raw\MUStARD\raw_data\utterances_final\2_293.mp4,data\preprocessed\features\z_at\2_293.pt,data\preprocessed\features\z_v\2_293.pt
2_294,mustard,-1,mustard_CHANDLER,,,1,1,1,1,D:\Documents\Programming\Thesis_G10\data\raw\MUStARD\raw_data\utterances_final\2_294.mp4,data\preprocessed\features\z_at\2_294.pt,data\preprocessed\features\z_v\2_294.pt
2_295,mustard,-1,mustard_PERSON,,,0,1,1,1,D:\Documents\Programming\Thesis_G10\data\raw\MUStARD\raw_data\utterances_final\2_295.mp4,data\preprocessed\features\z_at\2_295.pt,data\preprocessed\features\z_v\2_295.pt
2_297,mustard,-1,mustard_CHANDLER,,,1,1,1,1,D:\Documents\Programming\Thesis_G10\data\raw\MUStARD\raw_data\utterances_final\2_297.mp4,data\preprocessed\features\z_at\2_297.pt,data\preprocessed\features\z_v\2_297.pt
2_299,mustard,-1,mustard_CHANDLER,,,0,1,1,1,D:\Documents\Programming\Thesis_G10\data\raw\MUStARD\raw_data\utterances_final\2_299.mp4,data\preprocessed\features\z_at\2_299.pt,data\preprocessed\features\z_v\2_299.pt
2_3,mustard,-1,mustard_CHANDLER,,,1,1,1,1,D:\Documents\Programming\Thesis_G10\data\raw\MUStARD\raw_data\utterances_final\2_3.mp4,data\preprocessed\features\z_at\2_3.pt,data\preprocessed\features\z_v\2_3.pt
2_30,mustard,-1,mustard_ROSS,,,0,1,1,1,D:\Documents\Programming\Thesis_G10\data\raw\MUStARD\raw_data\utterances_final\2_30.mp4,data\preprocessed\features\z_at\2_30.pt,data\preprocessed\features\z_v\2_30.pt
2_300,mustard,-1,mustard_PHOEBE,,,0,1,1,1,D:\Documents\Programming\Thesis_G10\data\raw\MUStARD\raw_data\utterances_final\2_300.mp4,data\preprocessed\features\z_at\2_300.pt,data\preprocessed\features\z_v\2_300.pt
2_301,mustard,-1,mustard_CHANDLER,,,0,1,1,1,D:\Documents\Programming\Thesis_G10\data\raw\MUStARD\raw_data\utterances_final\2_301.mp4,data\preprocessed\features\z_at\2_301.pt,data\preprocessed\features\z_v\2_301.pt
2_302,mustard,-1,mustard_PHOEBE,,,0,1,1,1,D:\Documents\Programming\Thesis_G10\data\raw\MUStARD\raw_data\utterances_final\2_302.mp4,data\preprocessed\features\z_at\2_302.pt,data\preprocessed\features\z_v\2_302.pt
2_303,mustard,-1,mustard_CHANDLER,,,1,1,1,1,D:\Documents\Programming\Thesis_G10\data\raw\MUStARD\raw_data\utterances_final\2_303.mp4,data\preprocessed\features\z_at\2_303.pt,data\preprocessed\features\z_v\2_303.pt
2_305,mustard,-1,mustard_JOEY,,,0,1,1,1,D:\Documents\Programming\Thesis_G10\data\raw\MUStARD\raw_data\utterances_final\2_305.mp4,data\preprocessed\features\z_at\2_305.pt,data\preprocessed\features\z_v\2_305.pt
2_306,mustard,-1,mustard_MODERATOR,,,1,1,1,1,D:\Documents\Programming\Thesis_G10\data\raw\MUStARD\raw_data\utterances_final\2_306.mp4,data\preprocessed\features\z_at\2_306.pt,data\preprocessed\features\z_v\2_306.pt
2_31,mustard,-1,mustard_RACHEL,,,1,1,1,1,D:\Documents\Programming\Thesis_G10\data\raw\MUStARD\raw_data\utterances_final\2_31.mp4,data\preprocessed\features\z_at\2_31.pt,data\preprocessed\features\z_v\2_31.pt
2_310,mustard,-1,mustard_CHANDLER,,,1,1,1,1,D:\Documents\Programming\Thesis_G10\data\raw\MUStARD\raw_data\utterances_final\2_310.mp4,data\preprocessed\features\z_at\2_310.pt,data\preprocessed\features\z_v\2_310.pt
2_313,mustard,-1,mustard_JOEY,,,1,1,1,1,D:\Documents\Programming\Thesis_G10\data\raw\MUStARD\raw_data\utterances_final\2_313.mp4,data\preprocessed\features\z_at\2_313.pt,data\preprocessed\features\z_v\2_313.pt
2_314,mustard,-1,mustard_MONICA,,,0,1,1,1,D:\Documents\Programming\Thesis_G10\data\raw\MUStARD\raw_data\utterances_final\2_314.mp4,data\preprocessed\features\z_at\2_314.pt,data\preprocessed\features\z_v\2_314.pt
2_315,mustard,-1,mustard_RACHEL,,,1,1,1,1,D:\Documents\Programming\Thesis_G10\data\raw\MUStARD\raw_data\utterances_final\2_315.mp4,data\preprocessed\features\z_at\2_315.pt,data\preprocessed\features\z_v\2_315.pt
2_316,mustard,-1,mustard_RACHEL,,,0,1,1,1,D:\Documents\Programming\Thesis_G10\data\raw\MUStARD\raw_data\utterances_final\2_316.mp4,data\preprocessed\features\z_at\2_316.pt,data\preprocessed\features\z_v\2_316.pt
2_317,mustard,-1,mustard_PERSON,,,0,1,1,1,D:\Documents\Programming\Thesis_G10\data\raw\MUStARD\raw_data\utterances_final\2_317.mp4,data\preprocessed\features\z_at\2_317.pt,data\preprocessed\features\z_v\2_317.pt
2_318,mustard,-1,mustard_PHOEBE,,,1,1,1,1,D:\Documents\Programming\Thesis_G10\data\raw\MUStARD\raw_data\utterances_final\2_318.mp4,data\preprocessed\features\z_at\2_318.pt,data\preprocessed\features\z_v\2_318.pt
2_319,mustard,-1,mustard_RACHEL,,,0,1,1,1,D:\Documents\Programming\Thesis_G10\data\raw\MUStARD\raw_data\utterances_final\2_319.mp4,data\preprocessed\features\z_at\2_319.pt,data\preprocessed\features\z_v\2_319.pt
2_322,mustard,-1,mustard_CHANDLER,,,0,1,1,1,D:\Documents\Programming\Thesis_G10\data\raw\MUStARD\raw_data\utterances_final\2_322.mp4,data\preprocessed\features\z_at\2_322.pt,data\preprocessed\features\z_v\2_322.pt
2_323,mustard,-1,mustard_CHANDLER,,,1,1,1,1,D:\Documents\Programming\Thesis_G10\data\raw\MUStARD\raw_data\utterances_final\2_323.mp4,data\preprocessed\features\z_at\2_323.pt,data\preprocessed\features\z_v\2_323.pt
2_326,mustard,-1,mustard_ROSS,,,0,1,1,1,D:\Documents\Programming\Thesis_G10\data\raw\MUStARD\raw_data\utterances_final\2_326.mp4,data\preprocessed\features\z_at\2_326.pt,data\preprocessed\features\z_v\2_326.pt
2_33,mustard,-1,mustard_RACHEL,,,0,1,1,1,D:\Documents\Programming\Thesis_G10\data\raw\MUStARD\raw_data\utterances_final\2_33.mp4,data\preprocessed\features\z_at\2_33.pt,data\preprocessed\features\z_v\2_33.pt
2_334,mustard,-1,mustard_JOEY,,,0,1,1,1,D:\Documents\Programming\Thesis_G10\data\raw\MUStARD\raw_data\utterances_final\2_334.mp4,data\preprocessed\features\z_at\2_334.pt,data\preprocessed\features\z_v\2_334.pt
2_337,mustard,-1,mustard_MONICA,,,0,1,1,1,D:\Documents\Programming\Thesis_G10\data\raw\MUStARD\raw_data\utterances_final\2_337.mp4,data\preprocessed\features\z_at\2_337.pt,data\preprocessed\features\z_v\2_337.pt
2_338,mustard,-1,mustard_MODERATOR,,,1,1,1,1,D:\Documents\Programming\Thesis_G10\data\raw\MUStARD\raw_data\utterances_final\2_338.mp4,data\preprocessed\features\z_at\2_338.pt,data\preprocessed\features\z_v\2_338.pt
2_339,mustard,-1,mustard_ROSS,,,0,1,1,1,D:\Documents\Programming\Thesis_G10\data\raw\MUStARD\raw_data\utterances_final\2_339.mp4,data\preprocessed\features\z_at\2_339.pt,data\preprocessed\features\z_v\2_339.pt
2_34,mustard,-1,mustard_CHANDLER,,,1,1,1,1,D:\Documents\Programming\Thesis_G10\data\raw\MUStARD\raw_data\utterances_final\2_34.mp4,data\preprocessed\features\z_at\2_34.pt,data\preprocessed\features\z_v\2_34.pt
2_340,mustard,-1,mustard_PHOEBE,,,0,1,1,1,D:\Documents\Programming\Thesis_G10\data\raw\MUStARD\raw_data\utterances_final\2_340.mp4,data\preprocessed\features\z_at\2_340.pt,data\preprocessed\features\z_v\2_340.pt
2_341,mustard,-1,mustard_PERSON,,,1,1,1,1,D:\Documents\Programming\Thesis_G10\data\raw\MUStARD\raw_data\utterances_final\2_341.mp4,data\preprocessed\features\z_at\2_341.pt,data\preprocessed\features\z_v\2_341.pt
2_343,mustard,-1,mustard_ROSS,,,0,1,1,1,D:\Documents\Programming\Thesis_G10\data\raw\MUStARD\raw_data\utterances_final\2_343.mp4,data\preprocessed\features\z_at\2_343.pt,data\preprocessed\features\z_v\2_343.pt
2_345,mustard,-1,mustard_CHANDLER,,,1,1,1,1,D:\Documents\Programming\Thesis_G10\data\raw\MUStARD\raw_data\utterances_final\2_345.mp4,data\preprocessed\features\z_at\2_345.pt,data\preprocessed\features\z_v\2_345.pt
2_347,mustard,-1,mustard_MONICA,,,0,1,1,1,D:\Documents\Programming\Thesis_G10\data\raw\MUStARD\raw_data\utterances_final\2_347.mp4,data\preprocessed\features\z_at\2_347.pt,data\preprocessed\features\z_v\2_347.pt
2_35,mustard,-1,mustard_CHANDLER,,,0,1,1,1,D:\Documents\Programming\Thesis_G10\data\raw\MUStARD\raw_data\utterances_final\2_35.mp4,data\preprocessed\features\z_at\2_35.pt,data\preprocessed\features\z_v\2_35.pt
2_353,mustard,-1,mustard_JOEY,,,0,1,1,1,D:\Documents\Programming\Thesis_G10\data\raw\MUStARD\raw_data\utterances_final\2_353.mp4,data\preprocessed\features\z_at\2_353.pt,data\preprocessed\features\z_v\2_353.pt
2_356,mustard,-1,mustard_PERSON,,,0,1,1,1,D:\Documents\Programming\Thesis_G10\data\raw\MUStARD\raw_data\utterances_final\2_356.mp4,data\preprocessed\features\z_at\2_356.pt,data\preprocessed\features\z_v\2_356.pt
2_357,mustard,-1,mustard_PHOEBE,,,1,1,1,1,D:\Documents\Programming\Thesis_G10\data\raw\MUStARD\raw_data\utterances_final\2_357.mp4,data\preprocessed\features\z_at\2_357.pt,data\preprocessed\features\z_v\2_357.pt
2_358,mustard,-1,mustard_ROSS,,,0,1,1,1,D:\Documents\Programming\Thesis_G10\data\raw\MUStARD\raw_data\utterances_final\2_358.mp4,data\preprocessed\features\z_at\2_358.pt,data\preprocessed\features\z_v\2_358.pt
2_359,mustard,-1,mustard_CHANDLER,,,1,1,1,1,D:\Documents\Programming\Thesis_G10\data\raw\MUStARD\raw_data\utterances_final\2_359.mp4,data\preprocessed\features\z_at\2_359.pt,data\preprocessed\features\z_v\2_359.pt
2_36,mustard,-1,mustard_ROSS,,,0,1,1,1,D:\Documents\Programming\Thesis_G10\data\raw\MUStARD\raw_data\utterances_final\2_36.mp4,data\preprocessed\features\z_at\2_36.pt,data\preprocessed\features\z_v\2_36.pt
2_365,mustard,-1,mustard_JOEY,,,0,1,1,1,D:\Documents\Programming\Thesis_G10\data\raw\MUStARD\raw_data\utterances_final\2_365.mp4,data\preprocessed\features\z_at\2_365.pt,data\preprocessed\features\z_v\2_365.pt
2_367,mustard,-1,mustard_MONICA,,,0,1,1,1,D:\Documents\Programming\Thesis_G10\data\raw\MUStARD\raw_data\utterances_final\2_367.mp4,data\preprocessed\features\z_at\2_367.pt,data\preprocessed\features\z_v\2_367.pt
2_369,mustard,-1,mustard_CHANDLER,,,1,1,1,1,D:\Documents\Programming\Thesis_G10\data\raw\MUStARD\raw_data\utterances_final\2_369.mp4,data\preprocessed\features\z_at\2_369.pt,data\preprocessed\features\z_v\2_369.pt
2_370,mustard,-1,mustard_CHANDLER,,,1,1,1,1,D:\Documents\Programming\Thesis_G10\data\raw\MUStARD\raw_data\utterances_final\2_370.mp4,data\preprocessed\features\z_at\2_370.pt,data\preprocessed\features\z_v\2_370.pt
2_371,mustard,-1,mustard_ROSS,,,0,1,1,1,D:\Documents\Programming\Thesis_G10\data\raw\MUStARD\raw_data\utterances_final\2_371.mp4,data\preprocessed\features\z_at\2_371.pt,data\preprocessed\features\z_v\2_371.pt
2_372,mustard,-1,mustard_CHANDLER,,,1,1,1,1,D:\Documents\Programming\Thesis_G10\data\raw\MUStARD\raw_data\utterances_final\2_372.mp4,data\preprocessed\features\z_at\2_372.pt,data\preprocessed\features\z_v\2_372.pt
2_373,mustard,-1,mustard_CHANDLER,,,1,1,1,1,D:\Documents\Programming\Thesis_G10\data\raw\MUStARD\raw_data\utterances_final\2_373.mp4,data\preprocessed\features\z_at\2_373.pt,data\preprocessed\features\z_v\2_373.pt
2_374,mustard,-1,mustard_CHANDLER,,,1,1,1,1,D:\Documents\Programming\Thesis_G10\data\raw\MUStARD\raw_data\utterances_final\2_374.mp4,data\preprocessed\features\z_at\2_374.pt,data\preprocessed\features\z_v\2_374.pt
2_375,mustard,-1,mustard_ROSS,,,0,1,1,1,D:\Documents\Programming\Thesis_G10\data\raw\MUStARD\raw_data\utterances_final\2_375.mp4,data\preprocessed\features\z_at\2_375.pt,data\preprocessed\features\z_v\2_375.pt
2_376,mustard,-1,mustard_CHANDLER,,,1,1,1,1,D:\Documents\Programming\Thesis_G10\data\raw\MUStARD\raw_data\utterances_final\2_376.mp4,data\preprocessed\features\z_at\2_376.pt,data\preprocessed\features\z_v\2_376.pt
2_377,mustard,-1,mustard_CHANDLER,,,1,1,1,1,D:\Documents\Programming\Thesis_G10\data\raw\MUStARD\raw_data\utterances_final\2_377.mp4,data\preprocessed\features\z_at\2_377.pt,data\preprocessed\features\z_v\2_377.pt
2_38,mustard,-1,mustard_CHANDLER,,,0,1,1,1,D:\Documents\Programming\Thesis_G10\data\raw\MUStARD\raw_data\utterances_final\2_38.mp4,data\preprocessed\features\z_at\2_38.pt,data\preprocessed\features\z_v\2_38.pt
2_380,mustard,-1,mustard_CHANDLER,,,0,1,1,1,D:\Documents\Programming\Thesis_G10\data\raw\MUStARD\raw_data\utterances_final\2_380.mp4,data\preprocessed\features\z_at\2_380.pt,data\preprocessed\features\z_v\2_380.pt
2_381,mustard,-1,mustard_MODERATOR,,,1,1,1,1,D:\Documents\Programming\Thesis_G10\data\raw\MUStARD\raw_data\utterances_final\2_381.mp4,data\preprocessed\features\z_at\2_381.pt,data\preprocessed\features\z_v\2_381.pt
2_385,mustard,-1,mustard_RACHEL,,,0,1,1,1,D:\Documents\Programming\Thesis_G10\data\raw\MUStARD\raw_data\utterances_final\2_385.mp4,data\preprocessed\features\z_at\2_385.pt,data\preprocessed\features\z_v\2_385.pt
2_387,mustard,-1,mustard_CHANDLER,,,0,1,1,1,D:\Documents\Programming\Thesis_G10\data\raw\MUStARD\raw_data\utterances_final\2_387.mp4,data\preprocessed\features\z_at\2_387.pt,data\preprocessed\features\z_v\2_387.pt
2_388,mustard,-1,mustard_CHANDLER,,,0,1,1,1,D:\Documents\Programming\Thesis_G10\data\raw\MUStARD\raw_data\utterances_final\2_388.mp4,data\preprocessed\features\z_at\2_388.pt,data\preprocessed\features\z_v\2_388.pt
2_389,mustard,-1,mustard_MONICA,,,1,1,1,1,D:\Documents\Programming\Thesis_G10\data\raw\MUStARD\raw_data\utterances_final\2_389.mp4,data\preprocessed\features\z_at\2_389.pt,data\preprocessed\features\z_v\2_389.pt
2_39,mustard,-1,mustard_CHANDLER,,,1,1,1,1,D:\Documents\Programming\Thesis_G10\data\raw\MUStARD\raw_data\utterances_final\2_39.mp4,data\preprocessed\features\z_at\2_39.pt,data\preprocessed\features\z_v\2_39.pt
2_392,mustard,-1,mustard_CHANDLER,,,1,1,1,1,D:\Documents\Programming\Thesis_G10\data\raw\MUStARD\raw_data\utterances_final\2_392.mp4,data\preprocessed\features\z_at\2_392.pt,data\preprocessed\features\z_v\2_392.pt
2_393,mustard,-1,mustard_CHANDLER,,,0,1,1,1,D:\Documents\Programming\Thesis_G10\data\raw\MUStARD\raw_data\utterances_final\2_393.mp4,data\preprocessed\features\z_at\2_393.pt,data\preprocessed\features\z_v\2_393.pt
2_397,mustard,-1,mustard_ROSS,,,0,1,1,1,D:\Documents\Programming\Thesis_G10\data\raw\MUStARD\raw_data\utterances_final\2_397.mp4,data\preprocessed\features\z_at\2_397.pt,data\preprocessed\features\z_v\2_397.pt
2_400,mustard,-1,mustard_CHANDLER,,,0,1,1,1,D:\Documents\Programming\Thesis_G10\data\raw\MUStARD\raw_data\utterances_final\2_400.mp4,data\preprocessed\features\z_at\2_400.pt,data\preprocessed\features\z_v\2_400.pt
2_405,mustard,-1,mustard_ROSS,,,0,1,1,1,D:\Documents\Programming\Thesis_G10\data\raw\MUStARD\raw_data\utterances_final\2_405.mp4,data\preprocessed\features\z_at\2_405.pt,data\preprocessed\features\z_v\2_405.pt
2_406,mustard,-1,mustard_ROSS,,,1,1,1,1,D:\Documents\Programming\Thesis_G10\data\raw\MUStARD\raw_data\utterances_final\2_406.mp4,data\preprocessed\features\z_at\2_406.pt,data\preprocessed\features\z_v\2_406.pt
2_407,mustard,-1,mustard_JOEY,,,0,1,1,1,D:\Documents\Programming\Thesis_G10\data\raw\MUStARD\raw_data\utterances_final\2_407.mp4,data\preprocessed\features\z_at\2_407.pt,data\preprocessed\features\z_v\2_407.pt
2_408,mustard,-1,mustard_CHANDLER,,,1,1,1,1,D:\Documents\Programming\Thesis_G10\data\raw\MUStARD\raw_data\utterances_final\2_408.mp4,data\preprocessed\features\z_at\2_408.pt,data\preprocessed\features\z_v\2_408.pt
2_409,mustard,-1,mustard_CHANDLER,,,0,1,1,1,D:\Documents\Programming\Thesis_G10\data\raw\MUStARD\raw_data\utterances_final\2_409.mp4,data\preprocessed\features\z_at\2_409.pt,data\preprocessed\features\z_v\2_409.pt
2_410,mustard,-1,mustard_ROSS,,,1,1,1,1,D:\Documents\Programming\Thesis_G10\data\raw\MUStARD\raw_data\utterances_final\2_410.mp4,data\preprocessed\features\z_at\2_410.pt,data\preprocessed\features\z_v\2_410.pt
2_413,mustard,-1,mustard_PHOEBE,,,0,1,1,1,D:\Documents\Programming\Thesis_G10\data\raw\MUStARD\raw_data\utterances_final\2_413.mp4,data\preprocessed\features\z_at\2_413.pt,data\preprocessed\features\z_v\2_413.pt
2_415,mustard,-1,mustard_PERSON,,,0,1,1,1,D:\Documents\Programming\Thesis_G10\data\raw\MUStARD\raw_data\utterances_final\2_415.mp4,data\preprocessed\features\z_at\2_415.pt,data\preprocessed\features\z_v\2_415.pt
2_416,mustard,-1,mustard_CHANDLER,,,1,1,1,1,D:\Documents\Programming\Thesis_G10\data\raw\MUStARD\raw_data\utterances_final\2_416.mp4,data\preprocessed\features\z_at\2_416.pt,data\preprocessed\features\z_v\2_416.pt
2_419,mustard,-1,mustard_PHOEBE,,,0,1,1,1,D:\Documents\Programming\Thesis_G10\data\raw\MUStARD\raw_data\utterances_final\2_419.mp4,data\preprocessed\features\z_at\2_419.pt,data\preprocessed\features\z_v\2_419.pt
2_42,mustard,-1,mustard_PERSON1,,,0,1,1,1,D:\Documents\Programming\Thesis_G10\data\raw\MUStARD\raw_data\utterances_final\2_42.mp4,data\preprocessed\features\z_at\2_42.pt,data\preprocessed\features\z_v\2_42.pt
2_420,mustard,-1,mustard_CHANDLER,,,1,1,1,1,D:\Documents\Programming\Thesis_G10\data\raw\MUStARD\raw_data\utterances_final\2_420.mp4,data\preprocessed\features\z_at\2_420.pt,data\preprocessed\features\z_v\2_420.pt
2_421,mustard,-1,mustard_CHANDLER,,,1,1,1,1,D:\Documents\Programming\Thesis_G10\data\raw\MUStARD\raw_data\utterances_final\2_421.mp4,data\preprocessed\features\z_at\2_421.pt,data\preprocessed\features\z_v\2_421.pt
2_422,mustard,-1,mustard_JOEY,,,0,1,1,1,D:\Documents\Programming\Thesis_G10\data\raw\MUStARD\raw_data\utterances_final\2_422.mp4,data\preprocessed\features\z_at\2_422.pt,data\preprocessed\features\z_v\2_422.pt
2_423,mustard,-1,mustard_MONICA,,,1,1,1,1,D:\Documents\Programming\Thesis_G10\data\raw\MUStARD\raw_data\utterances_final\2_423.mp4,data\preprocessed\features\z_at\2_423.pt,data\preprocessed\features\z_v\2_423.pt
2_425,mustard,-1,mustard_MONICA,,,0,1,1,1,D:\Documents\Programming\Thesis_G10\data\raw\MUStARD\raw_data\utterances_final\2_425.mp4,data\preprocessed\features\z_at\2_425.pt,data\preprocessed\features\z_v\2_425.pt
2_426,mustard,-1,mustard_JOEY,,,0,1,1,1,D:\Documents\Programming\Thesis_G10\data\raw\MUStARD\raw_data\utterances_final\2_426.mp4,data\preprocessed\features\z_at\2_426.pt,data\preprocessed\features\z_v\2_426.pt
2_427,mustard,-1,mustard_RACHEL,,,0,1,1,1,D:\Documents\Programming\Thesis_G10\data\raw\MUStARD\raw_data\utterances_final\2_427.mp4,data\preprocessed\features\z_at\2_427.pt,data\preprocessed\features\z_v\2_427.pt
2_428,mustard,-1,mustard_CHANDLER,,,0,1,1,1,D:\Documents\Programming\Thesis_G10\data\raw\MUStARD\raw_data\utterances_final\2_428.mp4,data\preprocessed\features\z_at\2_428.pt,data\preprocessed\features\z_v\2_428.pt
2_429,mustard,-1,mustard_PHOEBE,,,1,1,1,1,D:\Documents\Programming\Thesis_G10\data\raw\MUStARD\raw_data\utterances_final\2_429.mp4,data\preprocessed\features\z_at\2_429.pt,data\preprocessed\features\z_v\2_429.pt
2_43,mustard,-1,mustard_CHANDLER,,,1,1,1,1,D:\Documents\Programming\Thesis_G10\data\raw\MUStARD\raw_data\utterances_final\2_43.mp4,data\preprocessed\features\z_at\2_43.pt,data\preprocessed\features\z_v\2_43.pt
2_430,mustard,-1,mustard_CHANDLER,,,1,1,1,1,D:\Documents\Programming\Thesis_G10\data\raw\MUStARD\raw_data\utterances_final\2_430.mp4,data\preprocessed\features\z_at\2_430.pt,data\preprocessed\features\z_v\2_430.pt
2_431,mustard,-1,mustard_JOEY,,,0,1,1,1,D:\Documents\Programming\Thesis_G10\data\raw\MUStARD\raw_data\utterances_final\2_431.mp4,data\preprocessed\features\z_at\2_431.pt,data\preprocessed\features\z_v\2_431.pt
2_433,mustard,-1,mustard_CHANDLER,,,1,1,1,1,D:\Documents\Programming\Thesis_G10\data\raw\MUStARD\raw_data\utterances_final\2_433.mp4,data\preprocessed\features\z_at\2_433.pt,data\preprocessed\features\z_v\2_433.pt
2_434,mustard,-1,mustard_CHANDLER,,,1,1,1,1,D:\Documents\Programming\Thesis_G10\data\raw\MUStARD\raw_data\utterances_final\2_434.mp4,data\preprocessed\features\z_at\2_434.pt,data\preprocessed\features\z_v\2_434.pt
2_435,mustard,-1,mustard_JOEY,,,0,1,1,1,D:\Documents\Programming\Thesis_G10\data\raw\MUStARD\raw_data\utterances_final\2_435.mp4,data\preprocessed\features\z_at\2_435.pt,data\preprocessed\features\z_v\2_435.pt
2_437,mustard,-1,mustard_CHANDLER,,,0,1,1,1,D:\Documents\Programming\Thesis_G10\data\raw\MUStARD\raw_data\utterances_final\2_437.mp4,data\preprocessed\features\z_at\2_437.pt,data\preprocessed\features\z_v\2_437.pt
2_438,mustard,-1,mustard_CHANDLER,,,1,1,1,1,D:\Documents\Programming\Thesis_G10\data\raw\MUStARD\raw_data\utterances_final\2_438.mp4,data\preprocessed\features\z_at\2_438.pt,data\preprocessed\features\z_v\2_438.pt
2_439,mustard,-1,mustard_PERSON,,,0,1,1,1,D:\Documents\Programming\Thesis_G10\data\raw\MUStARD\raw_data\utterances_final\2_439.mp4,data\preprocessed\features\z_at\2_439.pt,data\preprocessed\features\z_v\2_439.pt
2_44,mustard,-1,mustard_JOEY,,,0,1,1,1,D:\Documents\Programming\Thesis_G10\data\raw\MUStARD\raw_data\utterances_final\2_44.mp4,data\preprocessed\features\z_at\2_44.pt,data\preprocessed\features\z_v\2_44.pt
2_440,mustard,-1,mustard_MONICA,,,1,1,1,1,D:\Documents\Programming\Thesis_G10\data\raw\MUStARD\raw_data\utterances_final\2_440.mp4,data\preprocessed\features\z_at\2_440.pt,data\preprocessed\features\z_v\2_440.pt
2_441,mustard,-1,mustard_ROSS,,,0,1,1,1,D:\Documents\Programming\Thesis_G10\data\raw\MUStARD\raw_data\utterances_final\2_441.mp4,data\preprocessed\features\z_at\2_441.pt,data\preprocessed\features\z_v\2_441.pt
2_443,mustard,-1,mustard_CHANDLER,,,1,1,1,1,D:\Documents\Programming\Thesis_G10\data\raw\MUStARD\raw_data\utterances_final\2_443.mp4,data\preprocessed\features\z_at\2_443.pt,data\preprocessed\features\z_v\2_443.pt
2_444,mustard,-1,mustard_RACHEL,,,0,1,1,1,D:\Documents\Programming\Thesis_G10\data\raw\MUStARD\raw_data\utterances_final\2_444.mp4,data\preprocessed\features\z_at\2_444.pt,data\preprocessed\features\z_v\2_444.pt
2_445,mustard,-1,mustard_PHOEBE,,,0,1,1,1,D:\Documents\Programming\Thesis_G10\data\raw\MUStARD\raw_data\utterances_final\2_445.mp4,data\preprocessed\features\z_at\2_445.pt,data\preprocessed\features\z_v\2_445.pt
2_446,mustard,-1,mustard_JOEY,,,0,1,1,1,D:\Documents\Programming\Thesis_G10\data\raw\MUStARD\raw_data\utterances_final\2_446.mp4,data\preprocessed\features\z_at\2_446.pt,data\preprocessed\features\z_v\2_446.pt
2_447,mustard,-1,mustard_CHANDLER,,,1,1,1,1,D:\Documents\Programming\Thesis_G10\data\raw\MUStARD\raw_data\utterances_final\2_447.mp4,data\preprocessed\features\z_at\2_447.pt,data\preprocessed\features\z_v\2_447.pt
2_448,mustard,-1,mustard_MONICA,,,0,1,1,1,D:\Documents\Programming\Thesis_G10\data\raw\MUStARD\raw_data\utterances_final\2_448.mp4,data\preprocessed\features\z_at\2_448.pt,data\preprocessed\features\z_v\2_448.pt
2_449,mustard,-1,mustard_CHANDLER,,,1,1,1,1,D:\Documents\Programming\Thesis_G10\data\raw\MUStARD\raw_data\utterances_final\2_449.mp4,data\preprocessed\features\z_at\2_449.pt,data\preprocessed\features\z_v\2_449.pt
2_450,mustard,-1,mustard_CHANDLER,,,1,1,1,1,D:\Documents\Programming\Thesis_G10\data\raw\MUStARD\raw_data\utterances_final\2_450.mp4,data\preprocessed\features\z_at\2_450.pt,data\preprocessed\features\z_v\2_450.pt
2_454,mustard,-1,mustard_PERSON,,,0,1,1,1,D:\Documents\Programming\Thesis_G10\data\raw\MUStARD\raw_data\utterances_final\2_454.mp4,data\preprocessed\features\z_at\2_454.pt,data\preprocessed\features\z_v\2_454.pt
2_456,mustard,-1,mustard_CHANDLER,,,1,1,1,1,D:\Documents\Programming\Thesis_G10\data\raw\MUStARD\raw_data\utterances_final\2_456.mp4,data\preprocessed\features\z_at\2_456.pt,data\preprocessed\features\z_v\2_456.pt
2_457,mustard,-1,mustard_CHANDLER,,,1,1,1,1,D:\Documents\Programming\Thesis_G10\data\raw\MUStARD\raw_data\utterances_final\2_457.mp4,data\preprocessed\features\z_at\2_457.pt,data\preprocessed\features\z_v\2_457.pt
2_458,mustard,-1,mustard_MONICA,,,0,1,1,1,D:\Documents\Programming\Thesis_G10\data\raw\MUStARD\raw_data\utterances_final\2_458.mp4,data\preprocessed\features\z_at\2_458.pt,data\preprocessed\features\z_v\2_458.pt
2_461,mustard,-1,mustard_CHANDLER,,,1,1,1,1,D:\Documents\Programming\Thesis_G10\data\raw\MUStARD\raw_data\utterances_final\2_461.mp4,data\preprocessed\features\z_at\2_461.pt,data\preprocessed\features\z_v\2_461.pt
2_463,mustard,-1,mustard_JOEY,,,0,1,1,1,D:\Documents\Programming\Thesis_G10\data\raw\MUStARD\raw_data\utterances_final\2_463.mp4,data\preprocessed\features\z_at\2_463.pt,data\preprocessed\features\z_v\2_463.pt
2_464,mustard,-1,mustard_CHANDLER,,,1,1,1,1,D:\Documents\Programming\Thesis_G10\data\raw\MUStARD\raw_data\utterances_final\2_464.mp4,data\preprocessed\features\z_at\2_464.pt,data\preprocessed\features\z_v\2_464.pt
2_467,mustard,-1,mustard_RACHEL,,,0,1,1,1,D:\Documents\Programming\Thesis_G10\data\raw\MUStARD\raw_data\utterances_final\2_467.mp4,data\preprocessed\features\z_at\2_467.pt,data\preprocessed\features\z_v\2_467.pt
2_472,mustard,-1,mustard_CHANDLER,,,0,1,1,1,D:\Documents\Programming\Thesis_G10\data\raw\MUStARD\raw_data\utterances_final\2_472.mp4,data\preprocessed\features\z_at\2_472.pt,data\preprocessed\features\z_v\2_472.pt
2_473,mustard,-1,mustard_PERSON,,,0,1,1,1,D:\Documents\Programming\Thesis_G10\data\raw\MUStARD\raw_data\utterances_final\2_473.mp4,data\preprocessed\features\z_at\2_473.pt,data\preprocessed\features\z_v\2_473.pt
2_474,mustard,-1,mustard_CHANDLER,,,1,1,1,1,D:\Documents\Programming\Thesis_G10\data\raw\MUStARD\raw_data\utterances_final\2_474.mp4,data\preprocessed\features\z_at\2_474.pt,data\preprocessed\features\z_v\2_474.pt
2_475,mustard,-1,mustard_CHANDLER,,,1,1,1,1,D:\Documents\Programming\Thesis_G10\data\raw\MUStARD\raw_data\utterances_final\2_475.mp4,data\preprocessed\features\z_at\2_475.pt,data\preprocessed\features\z_v\2_475.pt
2_477,mustard,-1,mustard_CHANDLER,,,0,1,1,1,D:\Documents\Programming\Thesis_G10\data\raw\MUStARD\raw_data\utterances_final\2_477.mp4,data\preprocessed\features\z_at\2_477.pt,data\preprocessed\features\z_v\2_477.pt
2_478,mustard,-1,mustard_CHANDLER,,,1,1,1,1,D:\Documents\Programming\Thesis_G10\data\raw\MUStARD\raw_data\utterances_final\2_478.mp4,data\preprocessed\features\z_at\2_478.pt,data\preprocessed\features\z_v\2_478.pt
2_48,mustard,-1,mustard_JOEY,,,0,1,1,1,D:\Documents\Programming\Thesis_G10\data\raw\MUStARD\raw_data\utterances_final\2_48.mp4,data\preprocessed\features\z_at\2_48.pt,data\preprocessed\features\z_v\2_48.pt
2_481,mustard,-1,mustard_ROSS,,,0,1,1,1,D:\Documents\Programming\Thesis_G10\data\raw\MUStARD\raw_data\utterances_final\2_481.mp4,data\preprocessed\features\z_at\2_481.pt,data\preprocessed\features\z_v\2_481.pt
2_482,mustard,-1,mustard_PHOEBE,,,0,1,1,1,D:\Documents\Programming\Thesis_G10\data\raw\MUStARD\raw_data\utterances_final\2_482.mp4,data\preprocessed\features\z_at\2_482.pt,data\preprocessed\features\z_v\2_482.pt
2_484,mustard,-1,mustard_ROSS,,,1,1,1,1,D:\Documents\Programming\Thesis_G10\data\raw\MUStARD\raw_data\utterances_final\2_484.mp4,data\preprocessed\features\z_at\2_484.pt,data\preprocessed\features\z_v\2_484.pt
2_485,mustard,-1,mustard_MEMBER-BOY,,,1,1,1,1,D:\Documents\Programming\Thesis_G10\data\raw\MUStARD\raw_data\utterances_final\2_485.mp4,data\preprocessed\features\z_at\2_485.pt,data\preprocessed\features\z_v\2_485.pt
2_486,mustard,-1,mustard_RACHEL,,,0,1,1,1,D:\Documents\Programming\Thesis_G10\data\raw\MUStARD\raw_data\utterances_final\2_486.mp4,data\preprocessed\features\z_at\2_486.pt,data\preprocessed\features\z_v\2_486.pt
2_487,mustard,-1,mustard_CHANDLER,,,1,1,1,1,D:\Documents\Programming\Thesis_G10\data\raw\MUStARD\raw_data\utterances_final\2_487.mp4,data\preprocessed\features\z_at\2_487.pt,data\preprocessed\features\z_v\2_487.pt
2_488,mustard,-1,mustard_CHANDLER,,,0,1,1,1,D:\Documents\Programming\Thesis_G10\data\raw\MUStARD\raw_data\utterances_final\2_488.mp4,data\preprocessed\features\z_at\2_488.pt,data\preprocessed\features\z_v\2_488.pt
2_49,mustard,-1,mustard_JOEY,,,0,1,1,1,D:\Documents\Programming\Thesis_G10\data\raw\MUStARD\raw_data\utterances_final\2_49.mp4,data\preprocessed\features\z_at\2_49.pt,data\preprocessed\features\z_v\2_49.pt
2_490,mustard,-1,mustard_CHANDLER,,,1,1,1,1,D:\Documents\Programming\Thesis_G10\data\raw\MUStARD\raw_data\utterances_final\2_490.mp4,data\preprocessed\features\z_at\2_490.pt,data\preprocessed\features\z_v\2_490.pt
2_491,mustard,-1,mustard_CHANDLER,,,1,1,1,1,D:\Documents\Programming\Thesis_G10\data\raw\MUStARD\raw_data\utterances_final\2_491.mp4,data\preprocessed\features\z_at\2_491.pt,data\preprocessed\features\z_v\2_491.pt
2_492,mustard,-1,mustard_ROSE,,,1,1,1,1,D:\Documents\Programming\Thesis_G10\data\raw\MUStARD\raw_data\utterances_final\2_492.mp4,data\preprocessed\features\z_at\2_492.pt,data\preprocessed\features\z_v\2_492.pt
2_493,mustard,-1,mustard_CHANDLER,,,1,1,1,1,D:\Documents\Programming\Thesis_G10\data\raw\MUStARD\raw_data\utterances_final\2_493.mp4,data\preprocessed\features\z_at\2_493.pt,data\preprocessed\features\z_v\2_493.pt
2_494,mustard,-1,mustard_CHANDLER,,,1,1,1,1,D:\Documents\Programming\Thesis_G10\data\raw\MUStARD\raw_data\utterances_final\2_494.mp4,data\preprocessed\features\z_at\2_494.pt,data\preprocessed\features\z_v\2_494.pt
2_495,mustard,-1,mustard_RACHEL,,,0,1,1,1,D:\Documents\Programming\Thesis_G10\data\raw\MUStARD\raw_data\utterances_final\2_495.mp4,data\preprocessed\features\z_at\2_495.pt,data\preprocessed\features\z_v\2_495.pt
2_498,mustard,-1,mustard_CHANDLER,,,1,1,1,1,D:\Documents\Programming\Thesis_G10\data\raw\MUStARD\raw_data\utterances_final\2_498.mp4,data\preprocessed\features\z_at\2_498.pt,data\preprocessed\features\z_v\2_498.pt
2_499,mustard,-1,mustard_PHOEBE,,,0,1,1,1,D:\Documents\Programming\Thesis_G10\data\raw\MUStARD\raw_data\utterances_final\2_499.mp4,data\preprocessed\features\z_at\2_499.pt,data\preprocessed\features\z_v\2_499.pt
2_50,mustard,-1,mustard_CHANDLER,,,1,1,1,1,D:\Documents\Programming\Thesis_G10\data\raw\MUStARD\raw_data\utterances_final\2_50.mp4,data\preprocessed\features\z_at\2_50.pt,data\preprocessed\features\z_v\2_50.pt
2_500,mustard,-1,mustard_MONICA,,,1,1,1,1,D:\Documents\Programming\Thesis_G10\data\raw\MUStARD\raw_data\utterances_final\2_500.mp4,data\preprocessed\features\z_at\2_500.pt,data\preprocessed\features\z_v\2_500.pt
2_504,mustard,-1,mustard_PHOEBE,,,1,1,1,1,D:\Documents\Programming\Thesis_G10\data\raw\MUStARD\raw_data\utterances_final\2_504.mp4,data\preprocessed\features\z_at\2_504.pt,data\preprocessed\features\z_v\2_504.pt
2_506,mustard,-1,mustard_RACHEL,,,0,1,1,1,D:\Documents\Programming\Thesis_G10\data\raw\MUStARD\raw_data\utterances_final\2_506.mp4,data\preprocessed\features\z_at\2_506.pt,data\preprocessed\features\z_v\2_506.pt
2_508,mustard,-1,mustard_CHANDLER,,,1,1,1,1,D:\Documents\Programming\Thesis_G10\data\raw\MUStARD\raw_data\utterances_final\2_508.mp4,data\preprocessed\features\z_at\2_508.pt,data\preprocessed\features\z_v\2_508.pt
2_509,mustard,-1,mustard_CHANDLER,,,1,1,1,1,D:\Documents\Programming\Thesis_G10\data\raw\MUStARD\raw_data\utterances_final\2_509.mp4,data\preprocessed\features\z_at\2_509.pt,data\preprocessed\features\z_v\2_509.pt
2_51,mustard,-1,mustard_CHANDLER,,,0,1,1,1,D:\Documents\Programming\Thesis_G10\data\raw\MUStARD\raw_data\utterances_final\2_51.mp4,data\preprocessed\features\z_at\2_51.pt,data\preprocessed\features\z_v\2_51.pt
2_511,mustard,-1,mustard_CHANDLER,,,1,1,1,1,D:\Documents\Programming\Thesis_G10\data\raw\MUStARD\raw_data\utterances_final\2_511.mp4,data\preprocessed\features\z_at\2_511.pt,data\preprocessed\features\z_v\2_511.pt
2_514,mustard,-1,mustard_ROSS,,,0,1,1,1,D:\Documents\Programming\Thesis_G10\data\raw\MUStARD\raw_data\utterances_final\2_514.mp4,data\preprocessed\features\z_at\2_514.pt,data\preprocessed\features\z_v\2_514.pt
2_517,mustard,-1,mustard_PHOEBE,,,0,1,1,1,D:\Documents\Programming\Thesis_G10\data\raw\MUStARD\raw_data\utterances_final\2_517.mp4,data\preprocessed\features\z_at\2_517.pt,data\preprocessed\features\z_v\2_517.pt
2_518,mustard,-1,mustard_CHANDLER,,,1,1,1,1,D:\Documents\Programming\Thesis_G10\data\raw\MUStARD\raw_data\utterances_final\2_518.mp4,data\preprocessed\features\z_at\2_518.pt,data\preprocessed\features\z_v\2_518.pt
2_521,mustard,-1,mustard_JOEY,,,0,1,1,1,D:\Documents\Programming\Thesis_G10\data\raw\MUStARD\raw_data\utterances_final\2_521.mp4,data\preprocessed\features\z_at\2_521.pt,data\preprocessed\features\z_v\2_521.pt
2_522,mustard,-1,mustard_PERSON,,,0,1,1,1,D:\Documents\Programming\Thesis_G10\data\raw\MUStARD\raw_data\utterances_final\2_522.mp4,data\preprocessed\features\z_at\2_522.pt,data\preprocessed\features\z_v\2_522.pt
2_523,mustard,-1,mustard_CHANDLER,,,1,1,1,1,D:\Documents\Programming\Thesis_G10\data\raw\MUStARD\raw_data\utterances_final\2_523.mp4,data\preprocessed\features\z_at\2_523.pt,data\preprocessed\features\z_v\2_523.pt
2_524,mustard,-1,mustard_CHANDLER,,,1,1,1,1,D:\Documents\Programming\Thesis_G10\data\raw\MUStARD\raw_data\utterances_final\2_524.mp4,data\preprocessed\features\z_at\2_524.pt,data\preprocessed\features\z_v\2_524.pt
2_525,mustard,-1,mustard_RACHEL,,,0,1,1,1,D:\Documents\Programming\Thesis_G10\data\raw\MUStARD\raw_data\utterances_final\2_525.mp4,data\preprocessed\features\z_at\2_525.pt,data\preprocessed\features\z_v\2_525.pt
2_526,mustard,-1,mustard_PERSON1,,,0,1,1,1,D:\Documents\Programming\Thesis_G10\data\raw\MUStARD\raw_data\utterances_final\2_526.mp4,data\preprocessed\features\z_at\2_526.pt,data\preprocessed\features\z_v\2_526.pt
2_53,mustard,-1,mustard_RACHEL,,,0,1,1,1,D:\Documents\Programming\Thesis_G10\data\raw\MUStARD\raw_data\utterances_final\2_53.mp4,data\preprocessed\features\z_at\2_53.pt,data\preprocessed\features\z_v\2_53.pt
2_530,mustard,-1,mustard_PERSON,,,0,1,1,1,D:\Documents\Programming\Thesis_G10\data\raw\MUStARD\raw_data\utterances_final\2_530.mp4,data\preprocessed\features\z_at\2_530.pt,data\preprocessed\features\z_v\2_530.pt
2_531,mustard,-1,mustard_JOEY,,,0,1,1,1,D:\Documents\Programming\Thesis_G10\data\raw\MUStARD\raw_data\utterances_final\2_531.mp4,data\preprocessed\features\z_at\2_531.pt,data\preprocessed\features\z_v\2_531.pt
2_532,mustard,-1,mustard_CHANDLER,,,1,1,1,1,D:\Documents\Programming\Thesis_G10\data\raw\MUStARD\raw_data\utterances_final\2_532.mp4,data\preprocessed\features\z_at\2_532.pt,data\preprocessed\features\z_v\2_532.pt
2_534,mustard,-1,mustard_PHOEBE,,,0,1,1,1,D:\Documents\Programming\Thesis_G10\data\raw\MUStARD\raw_data\utterances_final\2_534.mp4,data\preprocessed\features\z_at\2_534.pt,data\preprocessed\features\z_v\2_534.pt
2_535,mustard,-1,mustard_ROSS,,,0,1,1,1,D:\Documents\Programming\Thesis_G10\data\raw\MUStARD\raw_data\utterances_final\2_535.mp4,data\preprocessed\features\z_at\2_535.pt,data\preprocessed\features\z_v\2_535.pt
2_536,mustard,-1,mustard_CHANDLER,,,0,1,1,1,D:\Documents\Programming\Thesis_G10\data\raw\MUStARD\raw_data\utterances_final\2_536.mp4,data\preprocessed\features\z_at\2_536.pt,data\preprocessed\features\z_v\2_536.pt
2_537,mustard,-1,mustard_ROSS,,,0,1,1,1,D:\Documents\Programming\Thesis_G10\data\raw\MUStARD\raw_data\utterances_final\2_537.mp4,data\preprocessed\features\z_at\2_537.pt,data\preprocessed\features\z_v\2_537.pt
2_54,mustard,-1,mustard_RACHEL,,,1,1,1,1,D:\Documents\Programming\Thesis_G10\data\raw\MUStARD\raw_data\utterances_final\2_54.mp4,data\preprocessed\features\z_at\2_54.pt,data\preprocessed\features\z_v\2_54.pt
2_540,mustard,-1,mustard_JOEY,,,0,1,1,1,D:\Documents\Programming\Thesis_G10\data\raw\MUStARD\raw_data\utterances_final\2_540.mp4,data\preprocessed\features\z_at\2_540.pt,data\preprocessed\features\z_v\2_540.pt
2_541,mustard,-1,mustard_CHANDLER,,,1,1,1,1,D:\Documents\Programming\Thesis_G10\data\raw\MUStARD\raw_data\utterances_final\2_541.mp4,data\preprocessed\features\z_at\2_541.pt,data\preprocessed\features\z_v\2_541.pt
2_542,mustard,-1,mustard_JOEY,,,1,1,1,1,D:\Documents\Programming\Thesis_G10\data\raw\MUStARD\raw_data\utterances_final\2_542.mp4,data\preprocessed\features\z_at\2_542.pt,data\preprocessed\features\z_v\2_542.pt
2_546,mustard,-1,mustard_CHANDLER,,,1,1,1,1,D:\Documents\Programming\Thesis_G10\data\raw\MUStARD\raw_data\utterances_final\2_546.mp4,data\preprocessed\features\z_at\2_546.pt,data\preprocessed\features\z_v\2_546.pt
2_547,mustard,-1,mustard_CHANDLER,,,0,1,1,1,D:\Documents\Programming\Thesis_G10\data\raw\MUStARD\raw_data\utterances_final\2_547.mp4,data\preprocessed\features\z_at\2_547.pt,data\preprocessed\features\z_v\2_547.pt
2_548,mustard,-1,mustard_PERSON,,,1,1,1,1,D:\Documents\Programming\Thesis_G10\data\raw\MUStARD\raw_data\utterances_final\2_548.mp4,data\preprocessed\features\z_at\2_548.pt,data\preprocessed\features\z_v\2_548.pt
2_549,mustard,-1,mustard_MONICA,,,0,1,1,1,D:\Documents\Programming\Thesis_G10\data\raw\MUStARD\raw_data\utterances_final\2_549.mp4,data\preprocessed\features\z_at\2_549.pt,data\preprocessed\features\z_v\2_549.pt
2_55,mustard,-1,mustard_PERSON,,,0,1,1,1,D:\Documents\Programming\Thesis_G10\data\raw\MUStARD\raw_data\utterances_final\2_55.mp4,data\preprocessed\features\z_at\2_55.pt,data\preprocessed\features\z_v\2_55.pt
2_550,mustard,-1,mustard_CHANDLER,,,1,1,1,1,D:\Documents\Programming\Thesis_G10\data\raw\MUStARD\raw_data\utterances_final\2_550.mp4,data\preprocessed\features\z_at\2_550.pt,data\preprocessed\features\z_v\2_550.pt
2_552,mustard,-1,mustard_ROSS,,,0,1,1,1,D:\Documents\Programming\Thesis_G10\data\raw\MUStARD\raw_data\utterances_final\2_552.mp4,data\preprocessed\features\z_at\2_552.pt,data\preprocessed\features\z_v\2_552.pt
2_553,mustard,-1,mustard_JOEY,,,0,1,1,1,D:\Documents\Programming\Thesis_G10\data\raw\MUStARD\raw_data\utterances_final\2_553.mp4,data\preprocessed\features\z_at\2_553.pt,data\preprocessed\features\z_v\2_553.pt
2_555,mustard,-1,mustard_ROSS,,,0,1,1,1,D:\Documents\Programming\Thesis_G10\data\raw\MUStARD\raw_data\utterances_final\2_555.mp4,data\preprocessed\features\z_at\2_555.pt,data\preprocessed\features\z_v\2_555.pt
2_556,mustard,-1,mustard_CHANDLER,,,1,1,1,1,D:\Documents\Programming\Thesis_G10\data\raw\MUStARD\raw_data\utterances_final\2_556.mp4,data\preprocessed\features\z_at\2_556.pt,data\preprocessed\features\z_v\2_556.pt
2_557,mustard,-1,mustard_ROSS,,,0,1,1,1,D:\Documents\Programming\Thesis_G10\data\raw\MUStARD\raw_data\utterances_final\2_557.mp4,data\preprocessed\features\z_at\2_557.pt,data\preprocessed\features\z_v\2_557.pt
2_558,mustard,-1,mustard_CHANDLER,,,1,1,1,1,D:\Documents\Programming\Thesis_G10\data\raw\MUStARD\raw_data\utterances_final\2_558.mp4,data\preprocessed\features\z_at\2_558.pt,data\preprocessed\features\z_v\2_558.pt
2_559,mustard,-1,mustard_MONICA,,,0,1,1,1,D:\Documents\Programming\Thesis_G10\data\raw\MUStARD\raw_data\utterances_final\2_559.mp4,data\preprocessed\features\z_at\2_559.pt,data\preprocessed\features\z_v\2_559.pt
2_56,mustard,-1,mustard_PHOEBE,,,0,1,1,1,D:\Documents\Programming\Thesis_G10\data\raw\MUStARD\raw_data\utterances_final\2_56.mp4,data\preprocessed\features\z_at\2_56.pt,data\preprocessed\features\z_v\2_56.pt
2_560,mustard,-1,mustard_PHOEBE,,,1,1,1,1,D:\Documents\Programming\Thesis_G10\data\raw\MUStARD\raw_data\utterances_final\2_560.mp4,data\preprocessed\features\z_at\2_560.pt,data\preprocessed\features\z_v\2_560.pt
2_562,mustard,-1,mustard_JOEY,,,0,1,1,1,D:\Documents\Programming\Thesis_G10\data\raw\MUStARD\raw_data\utterances_final\2_562.mp4,data\preprocessed\features\z_at\2_562.pt,data\preprocessed\features\z_v\2_562.pt
2_564,mustard,-1,mustard_CHANDLER,,,0,1,1,1,D:\Documents\Programming\Thesis_G10\data\raw\MUStARD\raw_data\utterances_final\2_564.mp4,data\preprocessed\features\z_at\2_564.pt,data\preprocessed\features\z_v\2_564.pt
2_567,mustard,-1,mustard_CHANDLER,,,1,1,1,1,D:\Documents\Programming\Thesis_G10\data\raw\MUStARD\raw_data\utterances_final\2_567.mp4,data\preprocessed\features\z_at\2_567.pt,data\preprocessed\features\z_v\2_567.pt
2_569,mustard,-1,mustard_PHOEBE,,,0,1,1,1,D:\Documents\Programming\Thesis_G10\data\raw\MUStARD\raw_data\utterances_final\2_569.mp4,data\preprocessed\features\z_at\2_569.pt,data\preprocessed\features\z_v\2_569.pt
2_570,mustard,-1,mustard_CHANDLER,,,0,1,1,1,D:\Documents\Programming\Thesis_G10\data\raw\MUStARD\raw_data\utterances_final\2_570.mp4,data\preprocessed\features\z_at\2_570.pt,data\preprocessed\features\z_v\2_570.pt
2_572,mustard,-1,mustard_RACHEL,,,0,1,1,1,D:\Documents\Programming\Thesis_G10\data\raw\MUStARD\raw_data\utterances_final\2_572.mp4,data\preprocessed\features\z_at\2_572.pt,data\preprocessed\features\z_v\2_572.pt
2_573,mustard,-1,mustard_CHANDLER,,,1,1,1,1,D:\Documents\Programming\Thesis_G10\data\raw\MUStARD\raw_data\utterances_final\2_573.mp4,data\preprocessed\features\z_at\2_573.pt,data\preprocessed\features\z_v\2_573.pt
2_574,mustard,-1,mustard_JOEY,,,0,1,1,1,D:\Documents\Programming\Thesis_G10\data\raw\MUStARD\raw_data\utterances_final\2_574.mp4,data\preprocessed\features\z_at\2_574.pt,data\preprocessed\features\z_v\2_574.pt
2_575,mustard,-1,mustard_PHOEBE,,,1,1,1,1,D:\Documents\Programming\Thesis_G10\data\raw\MUStARD\raw_data\utterances_final\2_575.mp4,data\preprocessed\features\z_at\2_575.pt,data\preprocessed\features\z_v\2_575.pt
2_576,mustard,-1,mustard_PHOEBE,,,0,1,1,1,D:\Documents\Programming\Thesis_G10\data\raw\MUStARD\raw_data\utterances_final\2_576.mp4,data\preprocessed\features\z_at\2_576.pt,data\preprocessed\features\z_v\2_576.pt
2_577,mustard,-1,mustard_ROSS,,,0,1,1,1,D:\Documents\Programming\Thesis_G10\data\raw\MUStARD\raw_data\utterances_final\2_577.mp4,data\preprocessed\features\z_at\2_577.pt,data\preprocessed\features\z_v\2_577.pt
2_579,mustard,-1,mustard_MONICA,,,0,1,1,1,D:\Documents\Programming\Thesis_G10\data\raw\MUStARD\raw_data\utterances_final\2_579.mp4,data\preprocessed\features\z_at\2_579.pt,data\preprocessed\features\z_v\2_579.pt
2_58,mustard,-1,mustard_PHOEBE,,,0,1,1,1,D:\Documents\Programming\Thesis_G10\data\raw\MUStARD\raw_data\utterances_final\2_58.mp4,data\preprocessed\features\z_at\2_58.pt,data\preprocessed\features\z_v\2_58.pt
2_581,mustard,-1,mustard_CHANDLER,,,1,1,1,1,D:\Documents\Programming\Thesis_G10\data\raw\MUStARD\raw_data\utterances_final\2_581.mp4,data\preprocessed\features\z_at\2_581.pt,data\preprocessed\features\z_v\2_581.pt
2_583,mustard,-1,mustard_CHANDLER,,,1,1,1,1,D:\Documents\Programming\Thesis_G10\data\raw\MUStARD\raw_data\utterances_final\2_583.mp4,data\preprocessed\features\z_at\2_583.pt,data\preprocessed\features\z_v\2_583.pt
2_585,mustard,-1,mustard_ROSS,,,0,1,1,1,D:\Documents\Programming\Thesis_G10\data\raw\MUStARD\raw_data\utterances_final\2_585.mp4,data\preprocessed\features\z_at\2_585.pt,data\preprocessed\features\z_v\2_585.pt
2_586,mustard,-1,mustard_CHANDLER,,,1,1,1,1,D:\Documents\Programming\Thesis_G10\data\raw\MUStARD\raw_data\utterances_final\2_586.mp4,data\preprocessed\features\z_at\2_586.pt,data\preprocessed\features\z_v\2_586.pt
2_588,mustard,-1,mustard_JOEY,,,0,1,1,1,D:\Documents\Programming\Thesis_G10\data\raw\MUStARD\raw_data\utterances_final\2_588.mp4,data\preprocessed\features\z_at\2_588.pt,data\preprocessed\features\z_v\2_588.pt
2_589,mustard,-1,mustard_CHANDLER,,,1,1,1,1,D:\Documents\Programming\Thesis_G10\data\raw\MUStARD\raw_data\utterances_final\2_589.mp4,data\preprocessed\features\z_at\2_589.pt,data\preprocessed\features\z_v\2_589.pt
2_590,mustard,-1,mustard_RACHEL,,,0,1,1,1,D:\Documents\Programming\Thesis_G10\data\raw\MUStARD\raw_data\utterances_final\2_590.mp4,data\preprocessed\features\z_at\2_590.pt,data\preprocessed\features\z_v\2_590.pt
2_594,mustard,-1,mustard_ROSS,,,0,1,1,1,D:\Documents\Programming\Thesis_G10\data\raw\MUStARD\raw_data\utterances_final\2_594.mp4,data\preprocessed\features\z_at\2_594.pt,data\preprocessed\features\z_v\2_594.pt
2_595,mustard,-1,mustard_CHANDLER,,,0,1,1,1,D:\Documents\Programming\Thesis_G10\data\raw\MUStARD\raw_data\utterances_final\2_595.mp4,data\preprocessed\features\z_at\2_595.pt,data\preprocessed\features\z_v\2_595.pt
2_596,mustard,-1,mustard_MEMBER-BOY,,,1,1,1,1,D:\Documents\Programming\Thesis_G10\data\raw\MUStARD\raw_data\utterances_final\2_596.mp4,data\preprocessed\features\z_at\2_596.pt,data\preprocessed\features\z_v\2_596.pt
2_598,mustard,-1,mustard_CHANDLER,,,1,1,1,1,D:\Documents\Programming\Thesis_G10\data\raw\MUStARD\raw_data\utterances_final\2_598.mp4,data\preprocessed\features\z_at\2_598.pt,data\preprocessed\features\z_v\2_598.pt
2_602,mustard,-1,mustard_CHANDLER,,,0,1,1,1,D:\Documents\Programming\Thesis_G10\data\raw\MUStARD\raw_data\utterances_final\2_602.mp4,data\preprocessed\features\z_at\2_602.pt,data\preprocessed\features\z_v\2_602.pt
2_607,mustard,-1,mustard_PERSON,,,0,1,1,1,D:\Documents\Programming\Thesis_G10\data\raw\MUStARD\raw_data\utterances_final\2_607.mp4,data\preprocessed\features\z_at\2_607.pt,data\preprocessed\features\z_v\2_607.pt
2_608,mustard,-1,mustard_CHANDLER,,,1,1,1,1,D:\Documents\Programming\Thesis_G10\data\raw\MUStARD\raw_data\utterances_final\2_608.mp4,data\preprocessed\features\z_at\2_608.pt,data\preprocessed\features\z_v\2_608.pt
2_609,mustard,-1,mustard_PERSON,,,0,1,1,1,D:\Documents\Programming\Thesis_G10\data\raw\MUStARD\raw_data\utterances_final\2_609.mp4,data\preprocessed\features\z_at\2_609.pt,data\preprocessed\features\z_v\2_609.pt
2_611,mustard,-1,mustard_RACHEL,,,1,1,1,1,D:\Documents\Programming\Thesis_G10\data\raw\MUStARD\raw_data\utterances_final\2_611.mp4,data\preprocessed\features\z_at\2_611.pt,data\preprocessed\features\z_v\2_611.pt
2_615,mustard,-1,mustard_PERSON,,,0,1,1,1,D:\Documents\Programming\Thesis_G10\data\raw\MUStARD\raw_data\utterances_final\2_615.mp4,data\preprocessed\features\z_at\2_615.pt,data\preprocessed\features\z_v\2_615.pt
2_617,mustard,-1,mustard_CHANDLER,,,1,1,1,1,D:\Documents\Programming\Thesis_G10\data\raw\MUStARD\raw_data\utterances_final\2_617.mp4,data\preprocessed\features\z_at\2_617.pt,data\preprocessed\features\z_v\2_617.pt
2_622,mustard,-1,mustard_CHANDLER,,,1,1,1,1,D:\Documents\Programming\Thesis_G10\data\raw\MUStARD\raw_data\utterances_final\2_622.mp4,data\preprocessed\features\z_at\2_622.pt,data\preprocessed\features\z_v\2_622.pt
2_623,mustard,-1,mustard_CHANDLER,,,1,1,1,1,D:\Documents\Programming\Thesis_G10\data\raw\MUStARD\raw_data\utterances_final\2_623.mp4,data\preprocessed\features\z_at\2_623.pt,data\preprocessed\features\z_v\2_623.pt
2_626,mustard,-1,mustard_PHOEBE,,,0,1,1,1,D:\Documents\Programming\Thesis_G10\data\raw\MUStARD\raw_data\utterances_final\2_626.mp4,data\preprocessed\features\z_at\2_626.pt,data\preprocessed\features\z_v\2_626.pt
2_627,mustard,-1,mustard_PERSON,,,0,1,1,1,D:\Documents\Programming\Thesis_G10\data\raw\MUStARD\raw_data\utterances_final\2_627.mp4,data\preprocessed\features\z_at\2_627.pt,data\preprocessed\features\z_v\2_627.pt
2_65,mustard,-1,mustard_PHOEBE,,,0,1,1,1,D:\Documents\Programming\Thesis_G10\data\raw\MUStARD\raw_data\utterances_final\2_65.mp4,data\preprocessed\features\z_at\2_65.pt,data\preprocessed\features\z_v\2_65.pt
2_66,mustard,-1,mustard_CHANDLER,,,1,1,1,1,D:\Documents\Programming\Thesis_G10\data\raw\MUStARD\raw_data\utterances_final\2_66.mp4,data\preprocessed\features\z_at\2_66.pt,data\preprocessed\features\z_v\2_66.pt
2_69,mustard,-1,mustard_MONICA,,,0,1,1,1,D:\Documents\Programming\Thesis_G10\data\raw\MUStARD\raw_data\utterances_final\2_69.mp4,data\preprocessed\features\z_at\2_69.pt,data\preprocessed\features\z_v\2_69.pt
2_7,mustard,-1,mustard_MONICA,,,0,1,1,1,D:\Documents\Programming\Thesis_G10\data\raw\MUStARD\raw_data\utterances_final\2_7.mp4,data\preprocessed\features\z_at\2_7.pt,data\preprocessed\features\z_v\2_7.pt
2_71,mustard,-1,mustard_JOEY,,,1,1,1,1,D:\Documents\Programming\Thesis_G10\data\raw\MUStARD\raw_data\utterances_final\2_71.mp4,data\preprocessed\features\z_at\2_71.pt,data\preprocessed\features\z_v\2_71.pt
2_72,mustard,-1,mustard_ROSS,,,0,1,1,1,D:\Documents\Programming\Thesis_G10\data\raw\MUStARD\raw_data\utterances_final\2_72.mp4,data\preprocessed\features\z_at\2_72.pt,data\preprocessed\features\z_v\2_72.pt
2_73,mustard,-1,mustard_CHANDLER,,,1,1,1,1,D:\Documents\Programming\Thesis_G10\data\raw\MUStARD\raw_data\utterances_final\2_73.mp4,data\preprocessed\features\z_at\2_73.pt,data\preprocessed\features\z_v\2_73.pt
2_77,mustard,-1,mustard_MONICA,,,0,1,1,1,D:\Documents\Programming\Thesis_G10\data\raw\MUStARD\raw_data\utterances_final\2_77.mp4,data\preprocessed\features\z_at\2_77.pt,data\preprocessed\features\z_v\2_77.pt
2_78,mustard,-1,mustard_CHANDLER,,,0,1,1,1,D:\Documents\Programming\Thesis_G10\data\raw\MUStARD\raw_data\utterances_final\2_78.mp4,data\preprocessed\features\z_at\2_78.pt,data\preprocessed\features\z_v\2_78.pt
2_79,mustard,-1,mustard_RACHEL,,,0,1,1,1,D:\Documents\Programming\Thesis_G10\data\raw\MUStARD\raw_data\utterances_final\2_79.mp4,data\preprocessed\features\z_at\2_79.pt,data\preprocessed\features\z_v\2_79.pt
2_8,mustard,-1,mustard_JOEY,,,0,1,1,1,D:\Documents\Programming\Thesis_G10\data\raw\MUStARD\raw_data\utterances_final\2_8.mp4,data\preprocessed\features\z_at\2_8.pt,data\preprocessed\features\z_v\2_8.pt
2_84,mustard,-1,mustard_CHANDLER,,,1,1,1,1,D:\Documents\Programming\Thesis_G10\data\raw\MUStARD\raw_data\utterances_final\2_84.mp4,data\preprocessed\features\z_at\2_84.pt,data\preprocessed\features\z_v\2_84.pt
2_86,mustard,-1,mustard_CHANDLER,,,0,1,1,1,D:\Documents\Programming\Thesis_G10\data\raw\MUStARD\raw_data\utterances_final\2_86.mp4,data\preprocessed\features\z_at\2_86.pt,data\preprocessed\features\z_v\2_86.pt
2_87,mustard,-1,mustard_ROSS,,,0,1,1,1,D:\Documents\Programming\Thesis_G10\data\raw\MUStARD\raw_data\utterances_final\2_87.mp4,data\preprocessed\features\z_at\2_87.pt,data\preprocessed\features\z_v\2_87.pt
2_88,mustard,-1,mustard_RACHEL,,,0,1,1,1,D:\Documents\Programming\Thesis_G10\data\raw\MUStARD\raw_data\utterances_final\2_88.mp4,data\preprocessed\features\z_at\2_88.pt,data\preprocessed\features\z_v\2_88.pt
2_91,mustard,-1,mustard_MONICA,,,0,1,1,1,D:\Documents\Programming\Thesis_G10\data\raw\MUStARD\raw_data\utterances_final\2_91.mp4,data\preprocessed\features\z_at\2_91.pt,data\preprocessed\features\z_v\2_91.pt
2_92,mustard,-1,mustard_CHANDLER,,,1,1,1,1,D:\Documents\Programming\Thesis_G10\data\raw\MUStARD\raw_data\utterances_final\2_92.mp4,data\preprocessed\features\z_at\2_92.pt,data\preprocessed\features\z_v\2_92.pt
2_94,mustard,-1,mustard_ROSS,,,0,1,1,1,D:\Documents\Programming\Thesis_G10\data\raw\MUStARD\raw_data\utterances_final\2_94.mp4,data\preprocessed\features\z_at\2_94.pt,data\preprocessed\features\z_v\2_94.pt
2_96,mustard,-1,mustard_ROSS,,,0,1,1,1,D:\Documents\Programming\Thesis_G10\data\raw\MUStARD\raw_data\utterances_final\2_96.mp4,data\preprocessed\features\z_at\2_96.pt,data\preprocessed\features\z_v\2_96.pt
2_97,mustard,-1,mustard_RACHEL,,,1,1,1,1,D:\Documents\Programming\Thesis_G10\data\raw\MUStARD\raw_data\utterances_final\2_97.mp4,data\preprocessed\features\z_at\2_97.pt,data\preprocessed\features\z_v\2_97.pt
2_99,mustard,-1,mustard_RACHEL,,,0,1,1,1,D:\Documents\Programming\Thesis_G10\data\raw\MUStARD\raw_data\utterances_final\2_99.mp4,data\preprocessed\features\z_at\2_99.pt,data\preprocessed\features\z_v\2_99.pt
